,Unnamed: 0,Tweet,Autor,Fecha,Likes,Retweets,Subjectividad,Polaridad,Analisis
0,0,"_espanol:    Josep Borrell, jefe de la diplomacia de la UE, atribuye la inseguridad alimentaria mundial al bloqueo ruso de pue‚Ä¶",mindiespe,2022-06-20 23:48:13,44,0,0.0,0.0,Neutral
1,1,": La Iniciativa de los Tres Mares, que engloba doce Estados miembros de la UE ubicados entre los mares B√°ltico, Adri√°tico y‚Ä¶",RaiderJ0KER,2022-06-20 23:48:12,12,0,0.0,0.0,Neutral
2,2,: Rusia informa que dej√≥ polvo c√≥smico cuatro ca√±ones Howitzer suministrados a Ucrania por EEUU en Donetsk.,lucy13mujer,2022-06-20 23:48:11,337,0,0.0,0.0,Neutral
3,3,":  Rusia vs Ucrania (d√≠a 117) - Seg√∫n oficiales del Pent√°gono, una guerra prolongada har√° que Rusia se muestre m√°s agr‚Ä¶",marcovallejob,2022-06-20 23:48:09,7,0,0.0,0.0,Neutral
4,4,": Azmilitary1:
La crisis por la situaci√≥n en Ucrania ser√° duradera, Rusia nunca volverh√° a confiar en Occidente, 
dijo Dm‚Ä¶",Luisbasaragua6,2022-06-20 23:48:07,11,0,0.0,0.0,Neutral
5,5,: Las fuerzas especiales rusas del grupoüÖæÔ∏è desnazificaron a varios ucronazis del Batall√≥n Aidar en la regi√≥n de Slovyansk‚Ä¶,FreddyJohans,2022-06-20 23:48:06,26,0,0.0,0.0,Neutral
6,6,"_token: Las naciones de la UE presionan por nuevas sanciones a Rusia y m√°s ayuda militar a Ucrania.

En su mayor√≠a estados n√≥rdic‚Ä¶",bagdoliofig,2022-06-20 23:48:03,118,0,0.0,0.0,Neutral
7,7,: ALERTA De acuerdo con reportes del Min de Defensa de Rusia los EEUU probaron neuromoduladores altamente activos en ciudad‚Ä¶,JeanC1981,2022-06-20 23:48:02,27,0,0.0,0.0,Neutral
8,8,"2: Uyy esto no le va a gustar al tal Ricardo Anaya..
A puro humo van en Alemania. 
El gobierno alem√°n anuncia que va a reacti‚Ä¶",amercamp2013,2022-06-20 23:48:02,1198,0,0.0,0.0,Neutral
9,9,": MIENTE
‚ÄºÔ∏è Por supuesto, Ucrania nunca se unir√≠a ni a la UE ni a la OTAN, le est√°n mintiendo a Ucrania durante 30 a√±os,‚Ä¶",chugar_jhonson,2022-06-20 23:48:01,16,0,0.0,0.0,Neutral
10,10,"_VN: Infograf√≠a 

‚ñ∂Ô∏è Conoce la impresionante cifra de armamento y equipamiento militar que Estados Unidos ha entregado a Ucrani‚Ä¶",henryjcarrera,2022-06-20 23:48:00,38,0,0.0,0.0,Neutral
11,11,": Saludos Familia en colombia
desde algun lugar de Ucrania ",giorozas,2022-06-20 23:47:59,17,0,0.0,0.0,Neutral
12,12,: Lo atan y le ponen film en el cuello para que se ahogue cuando el cuerpo no resista m√°s el cansancio. (Pero no son nazis)‚Ä¶,linoahm,2022-06-20 23:47:59,1006,0,0.0,0.0,Neutral
13,13,"Canciller Sergu√©i Lavrov 
Rusia inici√≥ su operativo cuando no le qued√≥ otra manera para explicarle a Occidente qu‚Ä¶ ",geniuslawyer,2022-06-20 23:47:59,0,0,0.0,0.0,Neutral
14,14,"_ai: Falt√≥ pol√≠tica, falt√≥ di√°logo: el  ""lentejo"" asegur√≥ que la guerra entre Rusia y Ucrania fue mal manejada por las naciones‚Ä¶",tumac701128,2022-06-20 23:47:59,71,0,0.0,0.0,Neutral
15,15,"_token: Ucrania ataca plataformas petrol√≠feras rusas en mar Negro, seg√∫n autoridades.

Al menos 3 personas resultaron heridas y 7 d‚Ä¶",guiller76077585,2022-06-20 23:47:56,205,0,0.0,0.0,Neutral
16,16," Ah, y aun lado de la bandera de Ucrania tambi√©n cuelga la bandera de Espa√±a.",crescenciohb200,2022-06-20 23:47:54,0,0,0.0,0.0,Neutral
17,17,":  | Ucrania bombardeo un edificio residencial, en la ciudad Donetsk, hiriendo a 4 personas, entre ellos un ni√±o. Lo‚Ä¶",alexosantini,2022-06-20 23:47:53,1,0,0.0,0.0,Neutral
18,18,: ‚ùóÔ∏èCrimea denuncia que ataques de Ucrania contra sus plataformas de perforaci√≥n de gas dejaron varios heridos,Luisbasaragua6,2022-06-20 23:47:52,59,0,0.0,0.0,Neutral
19,19,": Crimea denuncia ataques de Ucrania contra plataformas de perforaci√≥n

Al menos tres personas resultaron heridas en un ata‚Ä¶",DEPORTIV,2022-06-20 23:47:47,28,0,0.0,0.0,Neutral
20,20,": Saludos Familia en colombia
desde algun lugar de Ucrania ",air0ee,2022-06-20 23:47:44,17,0,0.0,0.0,Neutral
21,21,"_token: ALERTA: 

Tanques rusos T-80BV llegando a Lugansk. Video Ucrania. ",JacquelinSnch13,2022-06-20 23:47:44,34,0,0.0,0.0,Neutral
22,22,"Entre ellos, en particular, el caso contra un soldado del 23.¬∫ batall√≥n separado de infanter√≠a motorizada de las Fu‚Ä¶ ",CFBotonesNegros,2022-06-20 23:47:42,0,0,0.3333333333333333,0.16666666666666666,Positivo
23,23,32JUSTO: üü† ¬°TODO fue PLANEADO! ‚è≤Ô∏è Y viene LO PEOR   [Urgente Difundir] Crisis ec...  a trav√©s de ‚Ä¶,3277Condor,2022-06-20 23:47:42,2,0,0.0,0.0,Neutral
24,24,"2: Uyy esto no le va a gustar al tal Ricardo Anaya..
A puro humo van en Alemania. 
El gobierno alem√°n anuncia que va a reacti‚Ä¶",kh3603716,2022-06-20 23:47:41,1198,0,0.0,0.0,Neutral
25,25,":  | La Uni√≥n Europea impulsa y declara apoyar a Ucrania en toda esta situaci√≥n, pero la verdad impone sanciones ficticias ya q‚Ä¶",_jjpilot,2022-06-20 23:47:39,102,0,0.0,0.0,Neutral
26,26," Que se vayan a Ucrania, los neonazis necesitan esclavos para la reconstrucci√≥n...",remmakess,2022-06-20 23:47:37,0,0,0.0,0.0,Neutral
27,27,"15056622: Ataque MLRS del ej√©rcito contra posiciones rusas en en Kherson.
Se les corto la digesti√≥n....PUMMMM!!!!!!!
Ukraine‚Ä¶",DazSahily,2022-06-20 23:47:36,6,0,0.0,0.0,Neutral
28,28,": Saludos Familia en colombia
desde algun lugar de Ucrania ",LuzMarinaPiedr4,2022-06-20 23:47:34,17,0,0.0,0.0,Neutral
29,29," | Ucrania bombardeo un edificio residencial, en la ciudad Donetsk, hiriendo a 4 personas, entre ellos un ni√±o.‚Ä¶ ",MundoEConflicto,2022-06-20 23:47:33,1,2,0.0,0.0,Neutral
30,30,: Azmilitary1: ‚ÄºÔ∏èEs MUY PROBABLE que Ucrania se convierta en miembro de la UE ‚Äì Presidente de EE. UU. y UE-Biden (‚Ä¶,chugar_jhonson,2022-06-20 23:47:33,30,0,0.0,0.0,Neutral
31,31,": Leyendo la carta d Lasso a Iza (no lo puedo creer) Desde el 1er punto (gasolina) para la cual Iza pide: Diesel $1.50, Extra‚Ä¶",dardevix,2022-06-20 23:47:32,202,0,0.0,0.0,Neutral
32,32,:  | Revelan en RRSS el parecido f√≠sico entre Adolf Hitler y Volod√≠mir Zelenski. La forma de los ojos y la nariz fuero‚Ä¶,GoitiaChavez,2022-06-20 23:47:32,3,0,0.0,0.0,Neutral
33,33,4: Ucrania ha atacado una plataforma petrolera en el mar negro‚Ä¶y el precio del gas y petr√≥leo para Europa se disparan‚Ä¶cual‚Ä¶,Ranthalos,2022-06-20 23:47:32,125,0,0.0,0.0,Neutral
34,34,10: La periodista alemana Alina Lipp se enfrenta a 3 a√±os de prisi√≥n por su cobertura de la guerra en Ucrania ,Comando_Patria,2022-06-20 23:47:30,275,0,0.0,0.0,Neutral
35,35,"53: Si hay una crisis alimentaria, pero no es en Ucrania, ni Europa ...es Yemen donde seg√∫n UNICEF cada 10 minutos muere un ni√±o p‚Ä¶",hermann_otto71,2022-06-20 23:47:30,1942,0,0.0,0.0,Neutral
36,36,": 1 Por semanas reportamos el REAL CURSO de la guerra: grav√≠simas p√©rdidas humanas/materiales ucranianas
Por eso, NO NOS E‚Ä¶",CarlosCatary,2022-06-20 23:47:27,76,0,0.30000000000000004,0.2,Positivo
37,37,": Leyendo la carta d Lasso a Iza (no lo puedo creer) Desde el 1er punto (gasolina) para la cual Iza pide: Diesel $1.50, Extra‚Ä¶",Rebelde593,2022-06-20 23:47:25,202,0,0.0,0.0,Neutral
38,38," Da pena los ejemplos que expones, pues sab√©s muy bien que los comodities aumentaron de precios, tan‚Ä¶ ",RafaelF61628160,2022-06-20 23:47:24,0,0,0.0,0.0,Neutral
39,39,"1: ASI, ASI ES QUE SE GOBIERNA..!!
Medalla de bronce para Maduro en la cantidad de Venezolanos refugiados en el mundo seg√∫n‚Ä¶",JoseAguilarAg13,2022-06-20 23:47:24,73,0,0.0,0.0,Neutral
40,40,: Los bombardeos rusos sobre Ucrania mataron hasta la fecha 323 ni√±os y provocaron heridas a 586. A este criminal el presidente‚Ä¶,estelamoleon,2022-06-20 23:47:22,174,0,0.55,-0.4,Negativo
41,41,": En Jers√≥n, un recluta de las Fuerzas Armadas de Ucrania se rindi√≥ voluntariamente al ej√©rcito ruso. El soldado del ej√©rci‚Ä¶",jeraldino82,2022-06-20 23:47:17,13,0,0.0,0.0,Neutral
42,42,": Ucrania proh√≠be la m√∫sica rusa: bien.
Ir√°n proh√≠be la m√∫sica occidental: fan√°ticos

Prohibir escuchar o leer es propio de re‚Ä¶",hugo178134,2022-06-20 23:47:17,151,0,0.0,0.0,Neutral
43,43,": Leyendo la carta d Lasso a Iza (no lo puedo creer) Desde el 1er punto (gasolina) para la cual Iza pide: Diesel $1.50, Extra‚Ä¶",necioquitoecu,2022-06-20 23:47:14,202,0,0.0,0.0,Neutral
44,44,4: Ucrania ha atacado una plataforma petrolera en el mar negro‚Ä¶y el precio del gas y petr√≥leo para Europa se disparan‚Ä¶cual‚Ä¶,betoagca,2022-06-20 23:47:13,125,0,0.0,0.0,Neutral
45,45,": Para Turqu√≠a, la crisis de Ucrania significa una temporada abierta contra los kurdos  a trav√©s‚Ä¶",merce_blitz,2022-06-20 23:47:13,2,0,0.0,0.0,Neutral
46,46,: √öLTIMAHORA Rusia no puede garantizar que los dos mercenarios estadounidenses capturados en Ucrania no sean condenados a‚Ä¶,ludwig813,2022-06-20 23:47:12,41,0,0.0,0.0,Neutral
47,47,": Ha ganado el fascismo porque vot√°is mal.

Las pr√≥xima vez votad a la ""izquierda"" que arma a fascistas en Ucrania, en luga‚Ä¶",StormShur,2022-06-20 23:47:11,8,0,0.0,0.0,Neutral
48,48,"_VN: Infograf√≠a 

‚ñ∂Ô∏è Conoce la impresionante cifra de armamento y equipamiento militar que Estados Unidos ha entregado a Ucrani‚Ä¶",Josue_0703,2022-06-20 23:47:08,38,0,0.0,0.0,Neutral
49,49,"2: Uyy esto no le va a gustar al tal Ricardo Anaya..
A puro humo van en Alemania. 
El gobierno alem√°n anuncia que va a reacti‚Ä¶",YOLANDA_GLZ,2022-06-20 23:47:08,1198,0,0.0,0.0,Neutral
50,50,: ALERTA De acuerdo con reportes del Min de Defensa de Rusia los EEUU probaron neuromoduladores altamente activos en ciudad‚Ä¶,Co2Marina,2022-06-20 23:47:08,27,0,0.0,0.0,Neutral
51,51,": Hoy en el episodio de ""En Ucrania no hay nazis, es propaganda del Kremlin"", un nuevo soldado nazi capturado en el frent‚Ä¶",FreddyJohans,2022-06-20 23:47:07,113,0,0.1,-0.1,Negativo
52,52,": La periodista alemana Alina Lipp se enfrenta a 3 a√±os de c√°rcel por su cobertura de la guerra en Ucrania. 

3 a√±os de c√°rcel‚Ä¶",mancha,2022-06-20 23:47:06,2159,0,0.0,0.0,Neutral
53,53,"8: Canciller Sergu√©i Lavrov 
Rusia inici√≥ su operativo cuando no le qued√≥ otra manera para explicarle a Occidente que se esta‚Ä¶",Pteran41,2022-06-20 23:47:06,23,0,0.0,0.0,Neutral
54,54,": ‚ö°‚ùóLa parte ucraniana admiti√≥ lo obvio: Metelkino qued√≥ bajo el control de las Fuerzas Antiglobalistas Z Gauleiter,‚Ä¶",Belus47881569,2022-06-20 23:47:05,11,0,0.0,0.0,Neutral
55,55,"_VN: Infograf√≠a 

‚ñ∂Ô∏è Conoce la impresionante cifra de armamento y equipamiento militar que Estados Unidos ha entregado a Ucrani‚Ä¶",Rebeldement3,2022-06-20 23:47:04,38,0,0.0,0.0,Neutral
56,56, 24377072  _G_P  Informe de la ONU de 2016 dice que Ucrania era un estado‚Ä¶ ,SayunDaniel,2022-06-20 23:47:03,0,1,0.0,0.0,Neutral
57,57,4: Ucrania ha atacado una plataforma petrolera en el mar negro‚Ä¶y el precio del gas y petr√≥leo para Europa se disparan‚Ä¶cual‚Ä¶,cris_geithner,2022-06-20 23:47:02,125,0,0.0,0.0,Neutral
58,58,": Leyendo la carta d Lasso a Iza (no lo puedo creer) Desde el 1er punto (gasolina) para la cual Iza pide: Diesel $1.50, Extra‚Ä¶",smercedesfranco,2022-06-20 23:47:02,202,0,0.0,0.0,Neutral
59,59, Lucharemos incansables ante semejante amenaza a nuestra libertad....vemos el ejemplo de Ucrania ante una‚Ä¶ ,gacettis,2022-06-20 23:47:02,0,0,0.0,0.0,Neutral
60,60,"53: Si hay una crisis alimentaria, pero no es en Ucrania, ni Europa ...es Yemen donde seg√∫n UNICEF cada 10 minutos muere un ni√±o p‚Ä¶",EdreiraGraciel1,2022-06-20 23:47:00,1942,0,0.0,0.0,Neutral
61,61,": La ""prensa"" otanista: En Ucrania no hay nazis, es un mito, una leyenda, es propaganda del Kremlin.

Artem Bonov, el ant‚Ä¶",Leo53337497,2022-06-20 23:47:00,108,0,0.1,-0.1,Negativo
62,62,": Despu√©s de promover el cerco comercial de europa contra Rusia, ahora Borrell denuncia un supuesto ‚Äúbloqueo‚Äù ruso de ce‚Ä¶",RogerSegundoQu1,2022-06-20 23:46:56,357,0,0.0,0.0,Neutral
63,63,": Casi el 40% de las exportaciones colombianas se componen de petr√≥leo y sus derivados. Tambi√©n caf√© y oro, materias primas qu‚Ä¶",Andresrm24,2022-06-20 23:46:50,3,0,0.0,0.0,Neutral
64,64,": Leyendo la carta d Lasso a Iza (no lo puedo creer) Desde el 1er punto (gasolina) para la cual Iza pide: Diesel $1.50, Extra‚Ä¶",JAVIERPazmino6,2022-06-20 23:46:49,202,0,0.0,0.0,Neutral
65,65,: Las armas que Estados Unidos proporcion√≥ a Ucrania! V√≠a _VN LaVerdadDeVenezuela ,carmguz,2022-06-20 23:46:47,6,0,0.0,0.0,Neutral
66,66,: Los bombardeos rusos sobre Ucrania mataron hasta la fecha 323 ni√±os y provocaron heridas a 586. A este criminal el presidente‚Ä¶,GriseldaLerda,2022-06-20 23:46:47,174,0,0.55,-0.4,Negativo
67,67,"15056622:  Lanzador RM-70 en acci√≥n, la nueva m√∫sica ha llegado al frente, t√≥cala otra vez Sam.....
Ukraine Ucrania Russi‚Ä¶",DazSahily,2022-06-20 23:46:44,6,0,0.0,0.0,Neutral
68,68,": El primer ministro brit√°nico subray√≥ que en el hipot√©tico caso de que Ucrania perdiera la guerra, ""Putin no se detendr√≠a"". htt‚Ä¶",Ricardez76,2022-06-20 23:46:44,10,0,0.0,0.0,Neutral
69,69,": Dice S√°nchez que hay que parar a ""la extrema derecha en Europa"". Por eso env√≠a armas y dinero al batall√≥n Azov, al batall‚Ä¶",rociocangla,2022-06-20 23:46:42,212,0,0.0,0.0,Neutral
70,70,: √öLTIMAHORA Rusia no puede garantizar que los dos mercenarios estadounidenses capturados en Ucrania no sean condenados a‚Ä¶,03Ralz,2022-06-20 23:46:41,41,0,0.0,0.0,Neutral
71,71,4: Ucrania ha atacado una plataforma petrolera en el mar negro‚Ä¶y el precio del gas y petr√≥leo para Europa se disparan‚Ä¶cual‚Ä¶,linoahm,2022-06-20 23:46:38,125,0,0.0,0.0,Neutral
72,72,"_es: El periodista espa√±ol Pablo Gonz√°lez lleva detenido en Polonia desde el pasado 28 de febrero, acusado de ser esp√≠a ruso

ht‚Ä¶",quinapaciencia,2022-06-20 23:46:37,53,0,0.0,0.0,Neutral
73,73," Empez√≥ la manipuaci√≥n......  para su informaci√≥n:

Todas la petroleras a nivel mundial est√°n cayendo i‚Ä¶ ",DAVIDAL77669568,2022-06-20 23:46:36,0,0,0.0,0.0,Neutral
74,74,": Con la guerra en Ucrania lejos de resolverse y sus consecuencias evidenci√°ndose por doquier, es imposible olvidar que en me‚Ä¶",hjpiedra,2022-06-20 23:46:35,91,0,0.0,0.0,Neutral
75,75,4: Ucrania ha atacado una plataforma petrolera en el mar negro‚Ä¶y el precio del gas y petr√≥leo para Europa se disparan‚Ä¶cual‚Ä¶,luppogamma,2022-06-20 23:46:34,125,0,0.0,0.0,Neutral
76,76,": Lavrov: 
""Hable con ciudadanos de Irak o Libia cuyos pa√≠ses quedaron arruinados. Despu√©s de esto, la OTAN se llama a s√≠‚Ä¶",Guiller6127,2022-06-20 23:46:34,282,0,0.0,0.0,Neutral
77,77,"_espanol: Ucrania prev√© ataques rusos de mayor intensidad en los pr√≥ximos d√≠as

Zelenski hace este anuncio cuando Kiev espera la dec‚Ä¶",lubricac2,2022-06-20 23:46:32,59,0,0.0,0.0,Neutral
78,78,": La secretaria del Tesoro de EE.UU., Janet Yellen, reconoce que el deseo de Washington de ¬´castigar¬ª a Rusia por su ope‚Ä¶",aponwaog,2022-06-20 23:46:31,24,0,0.0,0.0,Neutral
79,79,: Ucrania ha atacado con misiles una plataforma petrol√≠fera rusa en el Mar Negro (objetivo civil) dejando decenas de trab‚Ä¶,Hermes61629648,2022-06-20 23:46:31,327,0,0.0,0.0,Neutral
80,80,": Leyendo la carta d Lasso a Iza (no lo puedo creer) Desde el 1er punto (gasolina) para la cual Iza pide: Diesel $1.50, Extra‚Ä¶",Fer_Luftwaffe,2022-06-20 23:46:27,202,0,0.0,0.0,Neutral
81,81,: Las Fuerzas Armadas de Ucrania se niegan el traslado al √°rea de Severodonetsk debido a las enormes p√©rdidas. Para tratar de‚Ä¶,enbcncat,2022-06-20 23:46:26,28,0,0.0,0.0,Neutral
82,82,": Mientras env√≠a armamento militar a Ucrania, el gobierno de Alemania pide al pueblo ahorrar gas tras la crisis. Muy ""dem√≥‚Ä¶",aponwaog,2022-06-20 23:46:22,68,0,0.0,0.0,Neutral
83,83,"1: Que cachondo Zelesky, el Donbass ya no es Ucrania y el cocain√≥mano nazi ni con todo el armamento de EU y EEUU ha podido evit‚Ä¶",thebosscule,2022-06-20 23:46:22,4,0,0.0,0.0,Neutral
84,84,4: Ucrania ha atacado una plataforma petrolera en el mar negro‚Ä¶y el precio del gas y petr√≥leo para Europa se disparan‚Ä¶cual‚Ä¶,calderonjcarls,2022-06-20 23:46:19,125,0,0.0,0.0,Neutral
85,85,: Ucrania acaba de atacar territorio de Rusia con 15 proyectiles calibre 155mm enviados por la OTAN. Hay una v√≠ctima mortal.‚Ä¶,CarlosEspAlc,2022-06-20 23:46:19,910,0,0.0,0.0,Neutral
86,86,"53: Si hay una crisis alimentaria, pero no es en Ucrania, ni Europa ...es Yemen donde seg√∫n UNICEF cada 10 minutos muere un ni√±o p‚Ä¶",LineSbelt,2022-06-20 23:46:19,1942,0,0.0,0.0,Neutral
87,87,: Las fuerzas especiales rusas del grupoüÖæÔ∏è desnazificaron a varios ucronazis del Batall√≥n Aidar en la regi√≥n de Slovyansk‚Ä¶,aggantesde,2022-06-20 23:46:18,26,0,0.0,0.0,Neutral
88,88,: Ucrania ha atacado con misiles una plataforma petrol√≠fera rusa en el Mar Negro (objetivo civil) dejando decenas de trab‚Ä¶,jose36654012,2022-06-20 23:46:14,327,0,0.0,0.0,Neutral
89,89,: ULTIMAHORA El r√©gimen de Kiev asegura que Bielorrusia pronto atacar√° a Ucrania cerca de la direcci√≥n de Kiev para abrir‚Ä¶,A_Jorge2013,2022-06-20 23:46:14,6,0,0.0,0.0,Neutral
90,90,"15056622:  Multitudinaria manifestaci√≥n en Tiflis para demostrar el apoyo de la ciudadan√≠a ""a la opci√≥n europea y los valores‚Ä¶",DazSahily,2022-06-20 23:46:14,5,0,0.0,0.0,Neutral
91,91,": Leyendo la carta d Lasso a Iza (no lo puedo creer) Desde el 1er punto (gasolina) para la cual Iza pide: Diesel $1.50, Extra‚Ä¶",InesitaChurona,2022-06-20 23:46:11,202,0,0.0,0.0,Neutral
92,92,Las fuerzas rusas capturaron territorio a lo largo de un r√≠o en el este de Ucrania e intensificaron la presi√≥n sobr‚Ä¶ ,larepublica_co,2022-06-20 23:46:10,0,0,0.0,0.0,Neutral
93,93,": 2) Hay una guerra en Rusia y Ucrania! Es normal que la comida est√© cara

3) Vivimos 20 a√±os de uribismo, es obvio que iba a‚Ä¶",JaimeThach,2022-06-20 23:46:09,57,0,0.6499999999999999,0.15,Positivo
94,94,": Hoy en el episodio de ""En Ucrania no hay nazis, es propaganda del Kremlin"", un nuevo soldado nazi capturado en el frent‚Ä¶",aggantesde,2022-06-20 23:46:08,113,0,0.1,-0.1,Negativo
95,95,": Los Valores Europeos que nos unen contra Rusia y la prehistoria.
Los valores de Ucrania es el precio del kilo de beb√©
Y el val‚Ä¶",hergarjoel,2022-06-20 23:46:08,1,0,0.0,0.0,Neutral
96,96,: Casi todas las petroleras del mundo caen hoy en la bolsa por el comportamiento del d√≥lar y la guerra en Ucrania. De hecho a‚Ä¶,Theevilreapeer,2022-06-20 23:46:04,7,0,0.0,0.0,Neutral
97,97,: Los bombardeos rusos sobre Ucrania mataron hasta la fecha 323 ni√±os y provocaron heridas a 586. A este criminal el presidente‚Ä¶,xmasrepublica,2022-06-20 23:46:04,174,0,0.55,-0.4,Negativo
98,98,: Inicia el Global Media F√≥rum organizado por la _espanol. M√°s de 90 pa√≠ses y representantes de medios en primer encue‚Ä¶,georyano,2022-06-20 23:46:02,13,0,0.0,0.0,Neutral
99,99,": EEUU envi√≥ a Ucrania 10 obuses M777, Rusia informa que lo convirti√≥ en chatarra. El mejor regalo para el D√≠a del Padre a‚Ä¶",Comando_Patria,2022-06-20 23:46:02,593,0,0.0,0.0,Neutral
